source_log,phase,fold,epoch,total_epochs,steps,epoch_seconds,ms_per_step,auc,hard_accuracy,loss,precision,recall,val_auc,val_hard_accuracy,val_loss,val_precision,val_recall,learning_rate
phase1-fold1-2.txt,phase1_cv,1,1,100,969,260,253,0.5821,0.5859,0.1283,0.6829,0.4042,0.9113,0.8027,0.0577,0.9031,0.68,1e-06
phase1-fold1-2.txt,phase1_cv,1,2,100,969,239,246,0.8984,0.8625,0.0489,0.9144,0.7733,0.9889,0.9725,0.0183,0.9727,0.9725,0.0002008
phase1-fold1-2.txt,phase1_cv,1,3,100,969,238,245,0.9302,0.9068,0.0356,0.9467,0.8181,0.986,0.9589,0.0227,0.9626,0.9552,0.0004006
phase1-fold1-2.txt,phase1_cv,1,4,100,969,239,246,0.9443,0.9235,0.0295,0.9592,0.8359,0.9796,0.9302,0.0258,0.9547,0.9038,0.0006004
phase1-fold1-2.txt,phase1_cv,1,5,100,969,238,246,0.9508,0.9344,0.0258,0.9667,0.846,0.9852,0.943,0.0226,0.9771,0.9079,0.0008002
phase1-fold1-2.txt,phase1_cv,1,6,100,969,242,250,0.9543,0.9444,0.0225,0.9718,0.8528,0.9818,0.9559,0.0219,0.9628,0.9488,0.001
phase1-fold1-2.txt,phase1_cv,1,7,100,969,251,259,0.9576,0.9531,0.0196,0.9758,0.8603,0.9914,0.9534,0.0163,0.9729,0.9333,0.00099385
phase1-fold1-2.txt,phase1_cv,1,8,100,969,245,253,0.9596,0.9605,0.0173,0.9796,0.8679,0.984,0.9416,0.0235,0.9592,0.923,0.00097555
phase1-fold1-2.txt,phase1_cv,1,9,100,969,240,248,0.9621,0.9673,0.0152,0.9836,0.8747,0.9833,0.9264,0.0277,0.974,0.877,0.00094556
phase1-fold1-2.txt,phase1_cv,1,10,100,969,238,246,0.9632,0.9708,0.0139,0.9855,0.8766,0.9671,0.8939,0.035,0.86,0.942,0.0009046
phase1-fold1-2.txt,phase1_cv,1,11,100,969,237,245,0.9635,0.9738,0.0131,0.9879,0.8776,0.9877,0.952,0.0191,0.9682,0.9352,0.0008537
phase1-fold1-2.txt,phase1_cv,1,12,100,969,238,246,0.9654,0.9757,0.0124,0.9892,0.882,0.992,0.9549,0.0171,0.985,0.9243,0.0007941
phase1-fold1-2.txt,phase1_cv,1,13,100,969,237,245,0.9649,0.9778,0.0117,0.9907,0.8804,0.9874,0.9473,0.0208,0.9652,0.9286,0.00072727
phase1-fold1-2.txt,phase1_cv,1,14,100,969,237,245,0.9651,0.9791,0.0111,0.9915,0.8818,0.9914,0.961,0.0176,0.982,0.9397,0.00065485
phase1-fold1-2.txt,phase1_cv,1,15,100,969,237,245,0.9655,0.9809,0.0105,0.9921,0.8824,0.991,0.9543,0.0182,0.9727,0.9352,0.00057864
phase1-fold1-2.txt,phase1_cv,1,16,100,969,237,245,0.9668,0.9819,0.0101,0.9926,0.8841,0.986,0.9423,0.0226,0.9753,0.9081,0.0005005
phase1-fold1-2.txt,phase1_cv,1,17,100,969,238,246,0.9669,0.983,0.0098,0.9936,0.8847,0.9881,0.9516,0.0187,0.9627,0.9401,0.00042236
phase1-fold1-2.txt,phase1_cv,1,18,100,969,237,244,0.9664,0.9839,0.0095,0.9939,0.8845,0.981,0.9368,0.024,0.9505,0.9222,0.00034615
phase1-fold1-2.txt,phase1_cv,1,19,100,969,237,245,0.9667,0.9848,0.0089,0.9944,0.8867,0.9894,0.9586,0.0198,0.9757,0.9409,0.00027373
phase1-fold1-2.txt,phase1_cv,1,20,100,969,238,245,0.9667,0.9853,0.0088,0.9948,0.8854,0.9893,0.9545,0.019,0.9738,0.9345,0.0002069
phase1-fold1-2.txt,phase1_cv,1,21,100,969,237,244,0.9674,0.986,0.0086,0.9953,0.8859,0.9905,0.9529,0.0178,0.9718,0.9333,0.0001473
phase1-fold1-2.txt,phase1_cv,1,22,100,969,238,245,0.9677,0.9867,0.0084,0.9956,0.8863,0.9897,0.9529,0.0196,0.9762,0.9288,9.6396e-05
phase1-fold1-2.txt,phase1_cv,1,23,100,969,238,245,0.9669,0.9871,0.0082,0.9958,0.8855,0.9903,0.9541,0.0194,0.9787,0.9288,5.5442e-05
phase1-fold1-2.txt,phase1_cv,1,24,100,969,239,246,0.9677,0.9874,0.008,0.9961,0.887,0.9901,0.9555,0.019,0.9753,0.935,2.5447e-05
phase1-fold1-2.txt,phase1_cv,1,25,100,969,239,246,0.9678,0.9876,0.008,0.996,0.8867,0.9902,0.955,0.0195,0.9789,0.9305,7.1497e-06
phase1-fold1-2.txt,phase1_cv,1,26,100,969,239,247,0.9664,0.9811,0.0105,0.9919,0.883,0.9834,0.9424,0.0239,0.9557,0.9284,0.001
phase1-fold1-2.txt,phase1_cv,1,27,100,969,243,251,0.9659,0.9819,0.0101,0.9927,0.8832,0.9898,0.9563,0.0189,0.972,0.9401,0.00099846
phase1-fold1-2.txt,phase1_cv,1,28,100,969,241,249,0.9662,0.982,0.0101,0.9927,0.8841,0.9838,0.9388,0.0247,0.9608,0.9154,0.00099385
phase1-fold1-2.txt,phase1_cv,1,29,100,969,241,249,0.9665,0.9834,0.0097,0.9935,0.8846,0.9886,0.9594,0.0201,0.9673,0.9514,0.0009862
phase1-fold1-2.txt,phase1_cv,1,30,100,969,242,249,0.9674,0.9837,0.0095,0.9941,0.8859,0.9913,0.9545,0.0174,0.9793,0.929,0.00097555
phase1-fold1-2.txt,phase1_cv,1,31,100,969,244,251,0.967,0.9847,0.0092,0.9941,0.8854,0.9844,0.9513,0.0208,0.9632,0.9388,0.00096198
phase1-fold1-2.txt,phase1_cv,1,32,100,969,244,252,0.9674,0.9847,0.009,0.9942,0.8848,0.9915,0.9602,0.0192,0.9794,0.9405,0.00094556
phase1-fold1-2.txt,phase1_cv,1,33,100,969,244,252,0.9673,0.9854,0.0088,0.9947,0.8857,0.9853,0.9563,0.0239,0.962,0.9505,0.00092639
phase1-fold1-2.txt,phase1_cv,1,34,100,969,245,253,0.9668,0.9857,0.0087,0.9949,0.8866,0.9859,0.9464,0.023,0.967,0.9247,0.0009046
phase1-fold1-2.txt,phase1_cv,1,35,100,969,246,254,0.9672,0.9857,0.0086,0.995,0.8845,0.9856,0.9468,0.0219,0.9641,0.9286,0.00088032
phase1-fold1-2.txt,phase1_cv,1,36,100,969,249,257,0.9676,0.9862,0.0085,0.9952,0.8876,0.9914,0.9569,0.0193,0.9807,0.9324,0.0008537
phase1-fold1-2.txt,phase1_cv,1,37,100,969,247,255,0.9679,0.987,0.0082,0.9958,0.8879,0.9927,0.9628,0.0151,0.973,0.9525,0.0008249
phase1-fold1-2.txt,phase1_cv,1,38,100,969,248,256,0.9684,0.9876,0.0079,0.9959,0.8888,0.9904,0.9616,0.0169,0.9698,0.9531,0.0007941
phase1-fold1-2.txt,phase1_cv,1,39,100,969,245,253,0.9677,0.9877,0.0079,0.9962,0.8868,0.9901,0.9547,0.0202,0.9698,0.939,0.00076149
phase1-fold1-2.txt,phase1_cv,1,40,100,969,246,253,0.9677,0.9876,0.0079,0.996,0.8879,0.9888,0.9489,0.0213,0.9672,0.9299,0.00072727
phase1-fold1-2.txt,phase1_cv,1,41,100,969,246,253,0.9683,0.9885,0.0076,0.9963,0.8893,0.9869,0.949,0.0207,0.9655,0.9318,0.00069165
phase1-fold1-2.txt,phase1_cv,1,42,100,969,245,252,0.9678,0.9884,0.0075,0.9964,0.8885,0.9869,0.9343,0.0255,0.9751,0.8919,0.00065485
phase1-fold1-2.txt,phase1_cv,1,43,100,969,243,251,0.9682,0.9888,0.0073,0.9967,0.8886,0.9873,0.9497,0.0221,0.9697,0.9288,0.00061711
phase1-fold1-2.txt,phase1_cv,1,44,100,969,247,254,0.9682,0.9886,0.0074,0.9965,0.8887,0.9831,0.9429,0.0249,0.9482,0.9375,0.00057864
phase1-fold1-2.txt,phase1_cv,1,45,100,969,246,254,0.9681,0.9893,0.0073,0.997,0.8881,0.9895,0.9545,0.02,0.9709,0.9375,0.00053969
phase1-fold1-2.txt,phase1_cv,1,46,100,969,245,252,0.9685,0.9902,0.0069,0.997,0.8904,0.9856,0.9384,0.0239,0.962,0.9134,0.0005005
phase1-fold1-2.txt,phase1_cv,1,47,100,969,244,251,0.9686,0.9896,0.0069,0.9971,0.8892,0.9865,0.9461,0.0227,0.9651,0.9262,0.00046131
phase1-fold1-2.txt,phase1_cv,1,48,100,969,244,252,0.9689,0.9905,0.0067,0.9974,0.8903,0.987,0.9385,0.0244,0.9635,0.9122,0.00042236
phase1-fold1-2.txt,phase1_cv,1,49,100,969,247,254,0.9684,0.9904,0.0067,0.9974,0.8898,0.9874,0.9464,0.0227,0.9664,0.9254,0.00038389
phase1-fold1-2.txt,phase1_cv,1,50,100,969,246,254,0.9688,0.9904,0.0067,0.9973,0.8888,0.9924,0.9564,0.0187,0.9837,0.9286,0.00034615
phase1-fold1-2.txt,phase1_cv,1,51,100,969,247,255,0.9684,0.9906,0.0065,0.9977,0.8896,0.9893,0.9528,0.0203,0.9691,0.9358,0.00030935
phase1-fold1-2.txt,phase1_cv,1,52,100,969,247,254,0.9686,0.9915,0.0063,0.9978,0.8919,0.9884,0.9502,0.0208,0.9634,0.9365,0.00027373
phase1-fold1-2.txt,phase1_cv,1,53,100,969,246,253,0.969,0.9913,0.0063,0.998,0.8899,0.9911,0.9527,0.0211,0.9782,0.9264,0.00023951
phase1-fold1-2.txt,phase1_cv,1,54,100,969,247,255,0.9687,0.9917,0.0062,0.9979,0.8904,0.9908,0.9543,0.0212,0.9767,0.9311,0.0002069
phase1-fold1-2.txt,phase1_cv,1,55,100,969,244,252,0.9697,0.9915,0.0062,0.998,0.8915,0.9897,0.9554,0.0202,0.9726,0.9375,0.0001761
phase1-fold1-2.txt,phase1_cv,1,56,100,969,245,253,0.9688,0.9918,0.0061,0.998,0.8897,0.9901,0.9543,0.0192,0.9736,0.9343,0.0001473
phase1-fold1-2.txt,phase1_cv,1,57,100,969,243,251,0.9691,0.9919,0.006,0.9981,0.8905,0.9908,0.9565,0.0201,0.9775,0.935,0.00012068
phase1-fold1-2.txt,phase1_cv,1,58,100,969,242,249,0.9687,0.9919,0.006,0.9981,0.8907,0.9906,0.957,0.0197,0.9748,0.9386,9.6396e-05
phase1-fold1-2.txt,phase1_cv,1,59,100,969,246,254,0.9692,0.992,0.006,0.9984,0.8904,0.9893,0.9531,0.0212,0.972,0.9335,7.4606e-05
phase1-fold1-2.txt,phase1_cv,1,60,100,969,242,250,0.9684,0.9921,0.0059,0.9982,0.89,0.9903,0.9547,0.02,0.9746,0.9341,5.5442e-05
phase1-fold1-2.txt,phase1_cv,1,61,100,969,243,251,0.969,0.9924,0.0059,0.9984,0.8917,0.99,0.9539,0.0203,0.9729,0.9341,3.9022e-05
phase1-fold1-2.txt,phase1_cv,1,62,100,969,246,254,0.9687,0.9922,0.0058,0.9982,0.8891,0.9899,0.9525,0.0202,0.972,0.9322,2.5447e-05
phase1-fold1-2.txt,phase1_cv,2,1,100,985,393,385,0.6025,0.5871,0.1367,0.6504,0.5306,0.9403,0.8258,0.0541,0.9407,0.6926,1e-06
phase1-fold1-2.txt,phase1_cv,2,2,100,985,303,307,0.8751,0.8351,0.0565,0.8802,0.7656,0.9737,0.9257,0.0315,0.9516,0.8958,0.0002008
phase1-fold1-2.txt,phase1_cv,2,3,100,985,303,308,0.9188,0.8894,0.0402,0.928,0.8109,0.9742,0.9144,0.0383,0.9646,0.859,0.0004006
phase1-fold1-2.txt,phase1_cv,2,4,100,985,308,312,0.9335,0.9123,0.0331,0.9453,0.8277,0.9766,0.9053,0.0334,0.9627,0.8417,0.0006004
phase1-fold1-2.txt,phase1_cv,2,5,100,985,296,301,0.9416,0.9267,0.0285,0.9548,0.8372,0.9762,0.8879,0.033,0.9669,0.8017,0.0008002
phase1-fold1-2.txt,phase1_cv,2,6,100,985,299,303,0.9485,0.9382,0.0246,0.9632,0.8481,0.9636,0.8609,0.0389,0.9385,0.7701,0.001
phase1-fold1-2.txt,phase1_cv,2,7,100,985,291,296,0.9536,0.9495,0.0211,0.9699,0.8582,0.9245,0.8238,0.0481,0.8714,0.7565,0.00099385
phase1-fold1-2.txt,phase1_cv,2,8,100,985,292,297,0.9566,0.957,0.0186,0.9761,0.8641,0.9509,0.8682,0.0452,0.9398,0.7846,0.00097555
phase1-fold1-2.txt,phase1_cv,2,9,100,985,289,293,0.9591,0.9627,0.0166,0.9793,0.8701,0.9572,0.8851,0.0479,0.9472,0.8138,0.00094556
phase1-fold1-2.txt,phase1_cv,2,10,100,985,287,291,0.9601,0.9666,0.0155,0.9823,0.8716,0.9716,0.8805,0.0385,0.9541,0.7976,0.0009046
phase1-fold1-2.txt,phase1_cv,2,11,100,985,285,289,0.961,0.9703,0.0144,0.985,0.8751,0.9551,0.8564,0.0459,0.9383,0.7608,0.0008537
phase1-fold1-2.txt,phase1_cv,2,12,100,985,286,290,0.9619,0.9734,0.0132,0.9872,0.8773,0.9635,0.8626,0.0454,0.9485,0.7646,0.0007941
phase1-fold1-2.txt,phase1_cv,2,13,100,985,283,288,0.9634,0.975,0.0125,0.9882,0.88,0.9615,0.8075,0.0681,0.9536,0.6434,0.00072727
phase1-fold1-2.txt,phase1_cv,2,14,100,985,283,287,0.9631,0.9769,0.012,0.9896,0.88,0.9498,0.7966,0.0611,0.9471,0.6251,0.00065485
phase1-fold1-2.txt,phase1_cv,2,15,100,985,291,295,0.9642,0.979,0.0112,0.9911,0.8816,0.9606,0.8409,0.0481,0.9379,0.7275,0.00057864
phase1-fold1-2.txt,phase1_cv,2,16,100,985,284,288,0.9639,0.9808,0.0106,0.9919,0.8831,0.9545,0.8549,0.0484,0.9298,0.7652,0.0005005
phase1-fold1-2.txt,phase1_cv,2,17,100,985,282,287,0.9646,0.9816,0.0103,0.9926,0.8837,0.9657,0.835,0.0546,0.9547,0.7007,0.00042236
phase1-fold1-2.txt,phase1_cv,2,18,100,985,280,284,0.9652,0.9823,0.0099,0.9931,0.8848,0.9587,0.8256,0.0604,0.9442,0.6892,0.00034615
phase1-fold1-2.txt,phase1_cv,2,19,100,985,279,283,0.9661,0.9833,0.0096,0.9941,0.8851,0.9395,0.8109,0.0572,0.9095,0.6873,0.00027373
phase1-fold1-2.txt,phase1_cv,2,20,100,985,285,289,0.9651,0.984,0.0093,0.994,0.8838,0.9519,0.8088,0.0738,0.9351,0.6604,0.0002069
phase1-fold1-2.txt,phase1_cv,2,21,100,985,280,284,0.9658,0.985,0.0089,0.9946,0.8863,0.9479,0.7762,0.0946,0.9551,0.5761,0.0001473
phase1-fold1-2.txt,phase1_cv,2,22,100,985,282,286,0.9659,0.9855,0.0089,0.9952,0.8873,0.9506,0.8029,0.079,0.9424,0.6419,9.6396e-05
phase1-fold1-2.txt,phase1_cv,2,23,100,985,280,284,0.9661,0.9854,0.0086,0.995,0.8862,0.9555,0.8039,0.0715,0.9491,0.6391,5.5442e-05
phase1-fold1-2.txt,phase1_cv,2,24,100,985,280,284,0.9664,0.9862,0.0085,0.9954,0.8857,0.9508,0.8023,0.0799,0.9488,0.6359,2.5447e-05
phase1-fold1-2.txt,phase1_cv,2,25,100,985,279,283,0.9671,0.986,0.0085,0.9955,0.8881,0.953,0.8056,0.0759,0.9468,0.6444,7.1497e-06
phase1-fold1-2.txt,phase1_cv,2,26,100,985,277,281,0.9643,0.9787,0.0112,0.9904,0.8821,0.9537,0.8902,0.044,0.9289,0.8432,0.001
phase1-fold1-2.txt,phase1_cv,2,27,100,985,278,282,0.9649,0.9798,0.0109,0.9917,0.8824,0.957,0.7751,0.0736,0.9569,0.5724,0.00099846
phase1-fold1-2.txt,phase1_cv,2,28,100,985,279,284,0.9655,0.9815,0.0103,0.992,0.8856,0.8836,0.8048,0.0985,0.8897,0.6924,0.00099385
phase1-fold1-2.txt,phase1_cv,2,29,100,985,279,283,0.9651,0.9813,0.0104,0.9923,0.8833,0.9406,0.8463,0.0641,0.9236,0.7524,0.0009862
phase1-fold3.txt,phase1_cv,3,1,100,976,374,368,0.5311,0.5562,0.1601,0.6741,0.331,0.6265,0.5902,0.1042,0.7137,0.2952,1e-06
phase1-fold3.txt,phase1_cv,3,2,100,976,320,327,0.8917,0.8538,0.0512,0.9108,0.7613,0.9016,0.8362,0.0579,0.7957,0.9028,0.0002008
phase1-fold3.txt,phase1_cv,3,3,100,976,324,332,0.9353,0.9087,0.034,0.9396,0.8339,0.9071,0.8581,0.0565,0.8504,0.8677,0.0004006
phase1-fold3.txt,phase1_cv,3,4,100,976,313,321,0.9477,0.9346,0.0261,0.9567,0.8541,0.9229,0.8355,0.0555,0.8692,0.7881,0.0006004
phase1-fold3.txt,phase1_cv,3,5,100,976,305,312,0.9526,0.9497,0.0216,0.9687,0.8618,0.9347,0.842,0.0519,0.8888,0.7802,0.0008002
phase1-fold3.txt,phase1_cv,3,6,100,976,303,310,0.9557,0.9589,0.0188,0.977,0.8671,0.9198,0.8273,0.0825,0.9031,0.7316,0.001
phase1-fold3.txt,phase1_cv,3,7,100,976,296,303,0.9589,0.966,0.016,0.9822,0.8716,0.9373,0.8201,0.0639,0.9011,0.7173,0.00099385
phase1-fold3.txt,phase1_cv,3,8,100,976,290,297,0.9612,0.9714,0.0141,0.9856,0.8768,0.9234,0.8357,0.0853,0.8777,0.7784,0.00097555
phase1-fold3.txt,phase1_cv,3,9,100,976,290,297,0.9621,0.9753,0.0128,0.988,0.8799,0.9096,0.8339,0.0776,0.8882,0.7624,0.00094556
phase1-fold3.txt,phase1_cv,3,10,100,976,286,293,0.9635,0.977,0.0122,0.9896,0.8823,0.9051,0.7696,0.0802,0.8612,0.6404,0.0009046
phase1-fold3.txt,phase1_cv,3,11,100,976,287,294,0.963,0.9799,0.0114,0.991,0.8829,0.9136,0.8335,0.0794,0.8905,0.7588,0.0008537
phase1-fold3.txt,phase1_cv,3,12,100,976,284,290,0.9638,0.9811,0.0107,0.9919,0.8845,0.9322,0.8155,0.0854,0.8978,0.7102,0.0007941
phase1-fold3.txt,phase1_cv,3,13,100,976,284,291,0.9643,0.9827,0.0102,0.993,0.8844,0.921,0.8151,0.081,0.8908,0.7165,0.00072727
phase1-fold3.txt,phase1_cv,3,14,100,976,286,293,0.9644,0.9839,0.0097,0.9934,0.8853,0.9307,0.8341,0.0755,0.894,0.7565,0.00065485
phase1-fold3.txt,phase1_cv,3,15,100,976,281,288,0.9648,0.9849,0.0092,0.9945,0.8859,0.9267,0.8418,0.0698,0.8778,0.7925,0.00057864
phase1-fold3.txt,phase1_cv,3,16,100,976,280,287,0.9649,0.9857,0.0089,0.9949,0.8874,0.9374,0.8337,0.0719,0.8893,0.7607,0.0005005
phase1-fold3.txt,phase1_cv,3,17,100,976,282,289,0.9653,0.9865,0.0086,0.9954,0.8868,0.9422,0.8373,0.0724,0.9066,0.7505,0.00042236
phase1-fold3.txt,phase1_cv,3,18,100,976,278,284,0.9658,0.9868,0.0084,0.9955,0.8894,0.9397,0.8236,0.0636,0.8864,0.7405,0.00034615
phase1-fold3.txt,phase1_cv,3,19,100,976,281,288,0.9659,0.9878,0.0081,0.9957,0.8884,0.9395,0.8263,0.0637,0.8906,0.7422,0.00027373
phase1-fold3.txt,phase1_cv,3,20,100,976,282,289,0.9662,0.9881,0.008,0.9964,0.8882,0.9319,0.7988,0.0691,0.8752,0.6948,0.0002069
phase1-fold3.txt,phase1_cv,3,21,100,976,293,301,0.9664,0.9887,0.0076,0.9967,0.8881,0.9338,0.7986,0.0697,0.8881,0.6811,0.0001473
phase1-fold3.txt,phase1_cv,3,22,100,976,288,295,0.9666,0.9892,0.0076,0.9969,0.8897,0.9427,0.842,0.0618,0.8953,0.773,9.6396e-05
phase1-fold3.txt,phase1_cv,3,23,100,976,281,288,0.9673,0.9892,0.0074,0.9969,0.8911,0.937,0.8248,0.0634,0.8842,0.7457,5.5442e-05
phase1-fold3.txt,phase1_cv,3,24,100,976,274,281,0.966,0.9893,0.0074,0.9967,0.8879,0.9415,0.8311,0.0625,0.8944,0.7493,2.5447e-05
phase1-fold3.txt,phase1_cv,3,25,100,976,275,281,0.9673,0.9897,0.0073,0.9974,0.8905,0.9394,0.8269,0.0643,0.8919,0.7422,7.1497e-06
phase1-fold3.txt,phase1_cv,3,26,100,976,274,281,0.9649,0.9843,0.0095,0.9938,0.8858,0.9414,0.8309,0.063,0.8928,0.7505,0.001
phase1-fold3.txt,phase1_cv,3,27,100,976,276,282,0.9648,0.9848,0.0092,0.994,0.8866,0.9215,0.8166,0.0749,0.8645,0.7491,0.00099846
phase1-fold3.txt,phase1_cv,3,28,100,976,274,281,0.965,0.9852,0.0092,0.9945,0.8866,0.9079,0.7968,0.0792,0.8447,0.7252,0.00099385
phase1-fold3.txt,phase1_cv,3,29,100,976,274,281,0.9649,0.986,0.0088,0.9947,0.8867,0.9333,0.8416,0.0664,0.8859,0.7825,0.0009862
phase1-fold3.txt,phase1_cv,3,30,100,976,274,281,0.9648,0.9863,0.0086,0.9947,0.8863,0.9413,0.8176,0.0687,0.8965,0.7162,0.00097555
phase1-fold3.txt,phase1_cv,3,31,100,976,275,281,0.9656,0.9868,0.0084,0.9952,0.8886,0.9414,0.8498,0.061,0.902,0.7835,0.00096198
phase1-fold3.txt,phase1_cv,3,32,100,976,274,280,0.9656,0.9872,0.0083,0.9955,0.8878,0.9375,0.8234,0.0626,0.8812,0.7457,0.00094556
phase1-fold3.txt,phase1_cv,3,33,100,976,274,280,0.9661,0.988,0.008,0.996,0.8892,0.93,0.8459,0.0584,0.871,0.8106,0.00092639
phase1-fold3.txt,phase1_cv,3,34,100,976,274,281,0.9664,0.9881,0.0079,0.9961,0.8901,0.9401,0.8143,0.0655,0.8891,0.7162,0.0009046
phase1-fold3.txt,phase1_cv,3,35,100,976,274,280,0.9663,0.9886,0.0077,0.9961,0.8892,0.9305,0.8132,0.0589,0.8741,0.73,0.00088032
phase1-fold3.txt,phase1_cv,3,36,100,976,274,280,0.9665,0.9887,0.0076,0.9963,0.8891,0.9302,0.8148,0.0705,0.8937,0.7127,0.0008537
phase1-fold3.txt,phase1_cv,3,37,100,976,273,280,0.9665,0.9887,0.0076,0.9964,0.8883,0.9311,0.8038,0.0754,0.8724,0.7098,0.0008249
phase1-fold3.txt,phase1_cv,3,38,100,976,273,279,0.9669,0.9893,0.0073,0.9967,0.8894,0.9343,0.8513,0.0557,0.8786,0.8137,0.0007941
phase1-fold3.txt,phase1_cv,3,39,100,976,274,280,0.9662,0.9896,0.0072,0.9969,0.8887,0.9402,0.8177,0.0619,0.8905,0.7227,0.00076149
phase1-fold3.txt,phase1_cv,3,40,100,976,274,281,0.9668,0.9898,0.0072,0.9969,0.8896,0.9404,0.8415,0.0597,0.8907,0.7769,0.00072727
phase1-fold3.txt,phase1_cv,3,41,100,976,275,281,0.9669,0.9902,0.007,0.997,0.8907,0.9311,0.8365,0.0613,0.8695,0.7902,0.00069165
phase1-fold3.txt,phase1_cv,3,42,100,976,272,279,0.9673,0.9905,0.0068,0.997,0.8907,0.9386,0.8378,0.0617,0.8955,0.7634,0.00065485
phase1-fold3.txt,phase1_cv,3,43,100,976,272,279,0.9673,0.9907,0.0068,0.9973,0.891,0.9478,0.8389,0.0477,0.8898,0.7719,0.00061711
phase1-fold3.txt,phase1_cv,3,44,100,976,272,279,0.9672,0.991,0.0066,0.9973,0.8917,0.9489,0.8398,0.0636,0.9072,0.7555,0.00057864
phase1-fold3.txt,phase1_cv,3,45,100,976,272,279,0.967,0.9913,0.0065,0.9975,0.8898,0.9465,0.8598,0.0519,0.8991,0.8091,0.00053969
phase1-fold3.txt,phase1_cv,3,46,100,976,272,279,0.9673,0.9914,0.0064,0.9977,0.8914,0.9496,0.8753,0.0511,0.8972,0.8465,0.0005005
phase1-fold3.txt,phase1_cv,3,47,100,976,270,276,0.9678,0.9915,0.0063,0.9976,0.8918,0.948,0.8217,0.0545,0.9015,0.7206,0.00046131
phase1-fold3.txt,phase1_cv,3,48,100,976,271,278,0.9672,0.9917,0.0063,0.9977,0.8926,0.9399,0.8528,0.0538,0.884,0.8108,0.00042236
phase1-fold3.txt,phase1_cv,3,49,100,976,273,279,0.9673,0.9925,0.006,0.998,0.8923,0.9402,0.8551,0.0574,0.8831,0.8172,0.00038389
phase1-fold3.txt,phase1_cv,3,50,100,976,272,279,0.9676,0.9921,0.0061,0.9981,0.8905,0.9518,0.8718,0.0453,0.9019,0.833,0.00034615
phase1-fold3.txt,phase1_cv,3,51,100,976,275,281,0.9677,0.9925,0.006,0.9982,0.8925,0.9542,0.873,0.0504,0.9015,0.8363,0.00030935
phase1-fold3.txt,phase1_cv,3,52,100,976,272,278,0.9677,0.9925,0.0059,0.998,0.8926,0.9472,0.8392,0.052,0.8929,0.7692,0.00027373
phase1-fold3.txt,phase1_cv,3,53,100,976,272,278,0.9679,0.9926,0.0058,0.998,0.8921,0.9469,0.8438,0.0542,0.8964,0.7761,0.00023951
phase1-fold3.txt,phase1_cv,3,54,100,976,274,280,0.9673,0.9927,0.0059,0.9983,0.8913,0.9428,0.8466,0.054,0.8948,0.7842,0.0002069
phase1-fold3.txt,phase1_cv,3,55,100,976,271,278,0.9677,0.993,0.0057,0.9983,0.8923,0.9465,0.87,0.0461,0.8884,0.845,0.0001761
phase1-fold3.txt,phase1_cv,3,56,100,976,274,281,0.967,0.993,0.0057,0.9983,0.8914,0.9349,0.8141,0.0595,0.8725,0.7337,0.0001473
phase1-fold3.txt,phase1_cv,3,57,100,976,271,278,0.9682,0.9931,0.0057,0.9983,0.8916,0.9413,0.8109,0.0585,0.8866,0.7111,0.00012068
phase1-fold3.txt,phase1_cv,3,58,100,976,271,277,0.9673,0.9933,0.0056,0.9985,0.892,0.9479,0.8493,0.0496,0.9022,0.7821,9.6396e-05
phase1-fold3.txt,phase1_cv,3,59,100,976,269,276,0.9675,0.9934,0.0056,0.9982,0.8914,0.9485,0.8496,0.0498,0.9015,0.7835,7.4606e-05
phase1-fold3.txt,phase1_cv,3,60,100,976,272,278,0.9674,0.9934,0.0056,0.9986,0.8922,0.9506,0.8587,0.0498,0.9009,0.8047,5.5442e-05
phase1-fold3.txt,phase1_cv,3,61,100,976,271,277,0.9681,0.9934,0.0055,0.9986,0.893,0.9462,0.8478,0.0509,0.8975,0.7838,3.9022e-05
phase1-fold3.txt,phase1_cv,3,62,100,976,271,278,0.968,0.9934,0.0054,0.9987,0.8933,0.9497,0.8569,0.0483,0.8975,0.8043,2.5447e-05
phase1-fold3.txt,phase1_cv,3,63,100,976,270,276,0.9682,0.9935,0.0055,0.9986,0.8932,0.949,0.8658,0.0467,0.8954,0.827,1.4801e-05
phase1-fold3.txt,phase1_cv,3,64,100,976,272,278,0.9683,0.9935,0.0054,0.9986,0.8939,0.9491,0.8589,0.048,0.8962,0.8106,7.1497e-06
phase1-fold3.txt,phase1_cv,3,65,100,976,272,279,0.9676,0.9937,0.0054,0.9986,0.8923,0.9491,0.858,0.0482,0.8976,0.8068,2.5398e-06
phase1-fold3.txt,phase1_cv,3,66,100,976,274,280,0.9667,0.9901,0.007,0.9965,0.8903,0.9496,0.8804,0.0448,0.8762,0.8847,0.001
phase1-fold3.txt,phase1_cv,3,67,100,976,271,277,0.9676,0.9903,0.0069,0.9967,0.8917,0.9394,0.8264,0.0572,0.8894,0.7437,0.00099961
phase1-fold3.txt,phase1_cv,3,68,100,976,273,280,0.9664,0.9906,0.0068,0.997,0.8916,0.955,0.859,0.0505,0.9078,0.7979,0.00099846
phase1-fold3.txt,phase1_cv,3,69,100,976,270,276,0.9662,0.9908,0.0067,0.9969,0.8908,0.9429,0.8176,0.0547,0.8894,0.7235,0.00099654
phase1-fold3.txt,phase1_cv,3,70,100,976,270,277,0.9669,0.9906,0.0067,0.9971,0.8899,0.952,0.8472,0.0582,0.9119,0.7671,0.00099385
phase1-fold3.txt,phase1_cv,3,71,100,976,276,282,0.9666,0.9909,0.0066,0.9974,0.8898,0.9287,0.818,0.0703,0.8829,0.7314,0.0009904
phase1-fold3.txt,phase1_cv,3,72,100,976,272,279,0.9666,0.9907,0.0067,0.9971,0.8894,0.9132,0.8312,0.0706,0.8348,0.8241,0.0009862
phase1-fold3.txt,phase1_cv,3,73,100,976,270,276,0.9673,0.9911,0.0065,0.9975,0.891,0.9345,0.8345,0.0579,0.873,0.7813,0.00098125
phase1-fold3.txt,phase1_cv,3,74,100,976,270,277,0.9678,0.9909,0.0066,0.9975,0.8899,0.9521,0.8563,0.0471,0.8919,0.8093,0.00097555
phase1-fold3.txt,phase1_cv,3,75,100,976,269,275,0.9672,0.9915,0.0064,0.9974,0.8922,0.9436,0.8519,0.0544,0.8831,0.8097,0.00096913
phase1-fold3.txt,phase1_cv,3,76,100,976,272,278,0.9664,0.9912,0.0064,0.9973,0.89,0.9407,0.865,0.0532,0.8828,0.8405,0.00096198
phase1-fold3.txt,phase1_cv,3,77,100,976,271,277,0.9671,0.9918,0.0063,0.9975,0.8917,0.9222,0.7859,0.0872,0.8622,0.6784,0.00095412
phase1-fold3.txt,phase1_cv,3,78,100,976,274,281,0.9672,0.9918,0.0063,0.9975,0.8902,0.9338,0.8205,0.072,0.8817,0.7385,0.00094556
phase1-fold3.txt,phase1_cv,3,79,100,976,269,276,0.9664,0.9918,0.0063,0.9975,0.8908,0.8942,0.8074,0.0943,0.8202,0.7854,0.00093631
phase1-fold3.txt,phase1_cv,3,80,100,976,272,279,0.9671,0.9919,0.0062,0.9977,0.8919,0.9102,0.7916,0.0887,0.8409,0.7171,0.00092639
phase1-fold3.txt,phase1_cv,3,81,100,976,271,278,0.9675,0.9915,0.0063,0.9974,0.8925,0.8968,0.7989,0.0964,0.8335,0.7447,0.00091582
phase1-fold3.txt,phase1_cv,3,82,100,976,272,279,0.9672,0.9922,0.006,0.9976,0.8931,0.9226,0.825,0.0666,0.8607,0.7738,0.0009046
phase1-fold3.txt,phase1_cv,3,83,100,976,269,276,0.9673,0.9926,0.0059,0.998,0.8915,0.9316,0.8208,0.0615,0.8704,0.752,0.00089277
phase1-fold3.txt,phase1_cv,3,84,100,976,271,277,0.9672,0.9923,0.0061,0.9979,0.8916,0.9331,0.8656,0.0609,0.8535,0.8812,0.00088032
phase1-fold3.txt,phase1_cv,3,85,100,976,269,275,0.9667,0.9925,0.006,0.9979,0.8913,0.9465,0.8607,0.0528,0.8874,0.8249,0.00086729
phase1-fold3.txt,phase1_cv,3,86,100,976,271,278,0.9677,0.9926,0.0058,0.9981,0.8922,0.9281,0.794,0.0775,0.8826,0.6762,0.0008537
phase1-fold3.txt,phase1_cv,3,87,100,976,269,276,0.9682,0.9925,0.0059,0.998,0.8928,0.9154,0.7555,0.1008,0.8599,0.608,0.00083956
phase1-fold3.txt,phase1_cv,3,88,100,976,271,277,0.9673,0.9925,0.0059,0.9982,0.8919,0.9288,0.7869,0.0741,0.8764,0.6658,0.0008249
phase1-fold3.txt,phase1_cv,3,89,100,976,269,275,0.967,0.9926,0.0058,0.998,0.8911,0.9308,0.8157,0.0701,0.8769,0.7327,0.00080974
phase1-fold3.txt,phase1_cv,3,90,100,976,274,281,0.9675,0.993,0.0057,0.9981,0.8934,0.9165,0.8141,0.0808,0.8587,0.7499,0.0007941
phase1-fold3.txt,phase1_cv,3,91,100,976,274,281,0.9674,0.9928,0.0057,0.9979,0.893,0.9239,0.8286,0.0661,0.8532,0.7921,0.00077801
phase1-fold3.txt,phase1_cv,3,92,100,976,274,281,0.967,0.993,0.0057,0.9983,0.892,0.9357,0.8228,0.0631,0.8771,0.7489,0.00076149
phase1-fold3.txt,phase1_cv,3,93,100,976,273,280,0.9672,0.993,0.0057,0.9981,0.8932,0.9294,0.8292,0.0653,0.8746,0.7667,0.00074457
phase2.txt,phase2_final,,1,100,1198,353,283,0.5998,0.5942,0.1251,0.7013,0.4221,0.7131,0.6327,0.0971,0.7721,0.3614,1e-06
phase2.txt,phase2_final,,2,100,1198,331,276,0.921,0.8884,0.0418,0.9187,0.8262,0.8643,0.8294,0.0969,0.9527,0.6879,0.0002008
phase2.txt,phase2_final,,3,100,1198,337,281,0.9488,0.9339,0.0271,0.9498,0.8696,0.861,0.8167,0.1002,0.9674,0.6499,0.0004006
phase2.txt,phase2_final,,4,100,1198,338,282,0.9577,0.9492,0.0214,0.964,0.8767,0.8751,0.8311,0.1095,0.975,0.6745,0.0006004
phase2.txt,phase2_final,,5,100,1198,346,289,0.9609,0.9588,0.018,0.9729,0.8787,0.8663,0.8333,0.0863,0.968,0.6844,0.0008002
phase2.txt,phase2_final,,6,100,1198,341,285,0.9622,0.9649,0.0161,0.9782,0.8791,0.8571,0.816,0.1266,0.9646,0.6505,0.001
phase2.txt,phase2_final,,7,100,1198,339,283,0.9636,0.9702,0.0142,0.983,0.881,0.8318,0.7664,0.1109,0.9214,0.5751,0.00099385
phase2.txt,phase2_final,,8,100,1198,343,286,0.9639,0.9733,0.0133,0.9855,0.8822,0.9002,0.8182,0.1073,0.9722,0.6496,0.00097555
phase2.txt,phase2_final,,9,100,1198,338,282,0.9652,0.9756,0.0124,0.9872,0.8849,0.8895,0.8029,0.1176,0.9462,0.6363,0.00094556
phase2.txt,phase2_final,,10,100,1198,387,287,0.9659,0.9779,0.0115,0.989,0.884,0.906,0.7957,0.1539,0.9738,0.6017,0.0009046
phase2.txt,phase2_final,,11,100,1198,343,286,0.9659,0.98,0.0109,0.9908,0.8847,0.8956,0.7699,0.1142,0.9628,0.5545,0.0008537
phase2.txt,phase2_final,,12,100,1198,381,285,0.9665,0.9814,0.0104,0.9918,0.8868,0.8885,0.7835,0.1462,0.9671,0.5805,0.0007941
phase2.txt,phase2_final,,13,100,1198,391,293,0.9669,0.9824,0.0099,0.9927,0.8869,0.8567,0.8013,0.0967,0.9362,0.6404,0.00072727
phase2.txt,phase2_final,,14,100,1198,343,286,0.9664,0.9836,0.0094,0.9936,0.8853,0.9091,0.8295,0.1246,0.9622,0.6808,0.00065485
phase2.txt,phase2_final,,15,100,1198,343,286,0.9672,0.9845,0.0092,0.9943,0.8864,0.8875,0.7948,0.1416,0.9645,0.6058,0.00057864
phase2.txt,phase2_final,,16,100,1198,358,299,0.9677,0.9857,0.0087,0.9946,0.8887,0.9004,0.7974,0.1254,0.9701,0.6076,0.0005005
phase2.txt,phase2_final,,17,100,1198,342,285,0.9668,0.9868,0.0083,0.9953,0.8877,0.8934,0.8136,0.1332,0.9714,0.6407,0.00042236
phase2.txt,phase2_final,,18,100,1198,382,285,0.9675,0.9876,0.008,0.9958,0.8896,0.8861,0.7919,0.1354,0.9616,0.6017,0.00034615
phase2.txt,phase2_final,,19,100,1198,355,296,0.9677,0.9878,0.0079,0.9961,0.8885,0.9009,0.804,0.1443,0.9643,0.6254,0.00027373
phase2.txt,phase2_final,,20,100,1198,360,300,0.9683,0.9885,0.0076,0.9967,0.8888,0.9001,0.8049,0.1526,0.9693,0.6239,0.0002069
phase2.txt,phase2_final,,21,100,1198,361,301,0.9676,0.9892,0.0074,0.997,0.8895,0.9006,0.807,0.1266,0.9673,0.6297,0.0001473
phase2.txt,phase2_final,,22,100,1198,358,299,0.9681,0.9891,0.0074,0.9972,0.8904,0.8915,0.8094,0.1371,0.9679,0.6343,9.6396e-05
phase2.txt,phase2_final,,23,100,1198,362,302,0.9685,0.9896,0.0072,0.9972,0.8913,0.8976,0.8005,0.1458,0.9681,0.6156,5.5442e-05
phase2.txt,phase2_final,,24,100,1198,361,302,0.968,0.9896,0.0071,0.9971,0.8907,0.9006,0.8089,0.1436,0.9677,0.6334,2.5447e-05
phase2.txt,phase2_final,,25,100,1198,322,269,0.969,0.99,0.0071,0.9974,0.8921,0.8955,0.8079,0.1409,0.9657,0.6327,7.1497e-06
phase2.txt,phase2_final,,26,100,1198,310,259,0.9669,0.9846,0.0091,0.9939,0.8861,0.8923,0.7766,0.1503,0.9572,0.5722,0.001
phase2.txt,phase2_final,,27,100,1198,305,255,0.9668,0.9852,0.0089,0.9942,0.887,0.8723,0.7473,0.1894,0.9679,0.5039,0.00099846
phase2.txt,phase2_final,,28,100,1198,306,255,0.9672,0.9856,0.0086,0.9943,0.8879,0.8619,0.7786,0.1207,0.9623,0.5732,0.00099385
phase2.txt,phase2_final,,29,100,1198,305,255,0.9676,0.9862,0.0085,0.9947,0.8884,0.8863,0.7981,0.1418,0.9712,0.6084,0.0009862
phase2.txt,phase2_final,,30,100,1198,306,256,0.9681,0.9865,0.0083,0.9952,0.8895,0.8492,0.7663,0.1337,0.938,0.5629,0.00097555
phase2.txt,phase2_final,,31,100,1198,307,256,0.9673,0.9873,0.0081,0.9955,0.889,0.8582,0.8006,0.1275,0.9544,0.6253,0.00096198
phase2.txt,phase2_final,,32,100,1198,309,258,0.9679,0.9876,0.008,0.996,0.8881,0.8779,0.7758,0.1502,0.9375,0.584,0.00094556
phase2.txt,phase2_final,,33,100,1198,309,258,0.9683,0.9878,0.0078,0.9958,0.8891,0.8882,0.7754,0.1485,0.9561,0.5705,0.00092639
phase2.txt,phase2_final,,34,100,1198,313,261,0.968,0.9882,0.0078,0.996,0.8898,0.8742,0.7819,0.1528,0.9458,0.5914,0.0009046
phase2.txt,phase2_final,,35,100,1198,325,271,0.9685,0.9887,0.0075,0.996,0.8903,0.8427,0.7831,0.1095,0.8916,0.6373,0.00088032
phase2.txt,phase2_final,,36,100,1198,313,261,0.968,0.9892,0.0073,0.9964,0.8899,0.8583,0.7554,0.1289,0.9233,0.5492,0.0008537
phase2.txt,phase2_final,,37,100,1198,309,258,0.9677,0.9891,0.0075,0.9965,0.8891,0.882,0.7952,0.1503,0.961,0.6091,0.0008249
phase2.txt,phase2_final,,38,100,1198,310,259,0.9683,0.9897,0.0071,0.9968,0.8892,0.8643,0.7462,0.1593,0.9629,0.5044,0.0007941
phase2.txt,phase2_final,,39,100,1198,309,258,0.9686,0.9897,0.007,0.9968,0.8892,0.8773,0.785,0.1786,0.9533,0.5927,0.00076149
